county,year,month,monthly_sales
POLK,2012,1,3090542.2
LINN,2012,1,1306019.7
SCOTT,2012,1,1219905.2
BLACK HAWK,2012,1,954126.8
JOHNSON,2012,1,923491.3
POLK,2012,2,3894863.7
LINN,2012,2,1629950.1
SCOTT,2012,2,1227869.8
BLACK HAWK,2012,2,1153061.5
JOHNSON,2012,2,1025331.7
POLK,2012,3,4028374.4
LINN,2012,3,1758328.7
SCOTT,2012,3,1450909.5
BLACK HAWK,2012,3,1174564.3
JOHNSON,2012,3,1035791.3
POLK,2012,4,4384801.5
LINN,2012,4,1750123.3
SCOTT,2012,4,1454250.8
BLACK HAWK,2012,4,1311822.9
JOHNSON,2012,4,1217685.8
POLK,2012,5,4785244.9
LINN,2012,5,1977063.9
SCOTT,2012,5,1646110.9
BLACK HAWK,2012,5,1184405.1
JOHNSON,2012,5,1113867.8
POLK,2012,6,4828521.3
LINN,2012,6,1977673.0
SCOTT,2012,6,1675873.0
JOHNSON,2012,6,1342173.2
BLACK HAWK,2012,6,1328104.7
POLK,2012,7,4381390.0
LINN,2012,7,1742074.5
SCOTT,2012,7,1457044.4
BLACK HAWK,2012,7,1237618.9
JOHNSON,2012,7,1166028.5
POLK,2012,8,4688759.5
LINN,2012,8,1914263.4
SCOTT,2012,8,1461976.0
JOHNSON,2012,8,1394427.4
BLACK HAWK,2012,8,1250601.1
POLK,2012,9,3927658.0
LINN,2012,9,1707412.5
SCOTT,2012,9,1403384.2
JOHNSON,2012,9,1191068.9
BLACK HAWK,2012,9,971383.4
POLK,2012,10,7028032.3
LINN,2012,10,2811856.5
BLACK HAWK,2012,10,2012711.6
SCOTT,2012,10,1880300.7
JOHNSON,2012,10,1872664.4
POLK,2012,11,4531021.7
LINN,2012,11,1864385.2
SCOTT,2012,11,1620101.9
JOHNSON,2012,11,1163487.3
BLACK HAWK,2012,11,1127409.6
POLK,2012,12,5620902.6
LINN,2012,12,2277868.8
SCOTT,2012,12,1959092.7
JOHNSON,2012,12,1585757.8
BLACK HAWK,2012,12,1511011.8
POLK,2013,1,4026333.0
LINN,2013,1,1717041.2
SCOTT,2013,1,1188981.6
JOHNSON,2013,1,1070805.6
BLACK HAWK,2013,1,1018588.9
POLK,2013,2,3845405.4
LINN,2013,2,1708781.6
SCOTT,2013,2,1303981.7
BLACK HAWK,2013,2,1125249.6
JOHNSON,2013,2,1122668.0
POLK,2013,3,3884020.5
LINN,2013,3,1768351.1
SCOTT,2013,3,1360239.5
BLACK HAWK,2013,3,1182389.7
JOHNSON,2013,3,1013006.3
POLK,2013,4,4761604.0
LINN,2013,4,1694536.6
SCOTT,2013,4,1617423.1
JOHNSON,2013,4,1467148.1
BLACK HAWK,2013,4,1348861.7
POLK,2013,5,5096059.9
LINN,2013,5,2094290.6
SCOTT,2013,5,1619562.5
BLACK HAWK,2013,5,1220546.6
JOHNSON,2013,5,1215453.6
POLK,2013,6,4471150.2
LINN,2013,6,1803716.9
SCOTT,2013,6,1487512.7
BLACK HAWK,2013,6,1186799.8
JOHNSON,2013,6,982749.5
POLK,2013,7,4674390.1
LINN,2013,7,1934411.8
SCOTT,2013,7,1648866.4
BLACK HAWK,2013,7,1159267.4
JOHNSON,2013,7,1141612.4
POLK,2013,8,4927029.8
LINN,2013,8,1850277.8
JOHNSON,2013,8,1497848.4
SCOTT,2013,8,1474487.1
BLACK HAWK,2013,8,1329514.4
POLK,2013,9,4010030.8
LINN,2013,9,1680353.9
SCOTT,2013,9,1291360.8
JOHNSON,2013,9,1276770.9
BLACK HAWK,2013,9,1110191.8
POLK,2013,10,6758896.9
LINN,2013,10,3131598.9
SCOTT,2013,10,2197733.5
JOHNSON,2013,10,2012129.4
BLACK HAWK,2013,10,1851825.1
POLK,2013,11,4112604.6
LINN,2013,11,1526449.3
SCOTT,2013,11,1265884.6
BLACK HAWK,2013,11,1085395.9
JOHNSON,2013,11,1070724.2
POLK,2013,12,5489523.2
LINN,2013,12,2314777.8
SCOTT,2013,12,1928896.5
BLACK HAWK,2013,12,1488499.8
JOHNSON,2013,12,1395412.5
POLK,2014,1,4187003.7
LINN,2014,1,1772163.8
SCOTT,2014,1,1387429.6
JOHNSON,2014,1,1244267.7
BLACK HAWK,2014,1,1183038.3
POLK,2014,2,4199552.4
LINN,2014,2,1709344.3
SCOTT,2014,2,1381757.0
JOHNSON,2014,2,1253596.2
BLACK HAWK,2014,2,1154989.0
POLK,2014,3,4190675.3
LINN,2014,3,1739377.2
SCOTT,2014,3,1430648.9
JOHNSON,2014,3,1153166.9
BLACK HAWK,2014,3,1132856.1
POLK,2014,4,5185577.6
LINN,2014,4,1967528.8
SCOTT,2014,4,1691146.8
BLACK HAWK,2014,4,1324151.8
JOHNSON,2014,4,1301135.8
POLK,2014,5,4871906.1
LINN,2014,5,1758116.6
SCOTT,2014,5,1383602.4
JOHNSON,2014,5,1340065.6
BLACK HAWK,2014,5,1313905.1
POLK,2014,6,5467012.3
LINN,2014,6,2151431.9
SCOTT,2014,6,1817056.0
JOHNSON,2014,6,1385623.6
BLACK HAWK,2014,6,1244619.0
POLK,2014,7,4681083.9
LINN,2014,7,1818670.3
SCOTT,2014,7,1644479.2
BLACK HAWK,2014,7,1309865.8
JOHNSON,2014,7,1243531.3
POLK,2014,8,4622019.4
LINN,2014,8,1851539.8
SCOTT,2014,8,1484431.1
JOHNSON,2014,8,1393612.6
BLACK HAWK,2014,8,1265089.2
POLK,2014,9,5157422.7
LINN,2014,9,2090934.0
SCOTT,2014,9,1581139.9
JOHNSON,2014,9,1487382.1
BLACK HAWK,2014,9,1316126.0
POLK,2014,10,5936049.4
LINN,2014,10,2225153.6
SCOTT,2014,10,1917992.7
JOHNSON,2014,10,1795055.7
BLACK HAWK,2014,10,1497019.3
POLK,2014,11,4185783.0
LINN,2014,11,1753908.4
SCOTT,2014,11,1476791.5
JOHNSON,2014,11,1397877.3
BLACK HAWK,2014,11,1216047.0
POLK,2014,12,6792691.8
LINN,2014,12,2737663.9
SCOTT,2014,12,2342402.0
BLACK HAWK,2014,12,1875844.8
JOHNSON,2014,12,1661844.8
POLK,2015,1,4043111.0
LINN,2015,1,1565927.6
SCOTT,2015,1,1234222.8
JOHNSON,2015,1,1154586.7
BLACK HAWK,2015,1,1045383.1
POLK,2015,2,4589679.2
LINN,2015,2,1954838.8
SCOTT,2015,2,1605185.0
BLACK HAWK,2015,2,1255188.5
JOHNSON,2015,2,1226608.1
POLK,2015,3,5223006.3
LINN,2015,3,2316430.4
SCOTT,2015,3,1696542.5
JOHNSON,2015,3,1358656.5
BLACK HAWK,2015,3,1297141.5
POLK,2015,4,5269323.5
SCOTT,2015,4,1851554.5
LINN,2015,4,1827079.0
JOHNSON,2015,4,1607595.5
BLACK HAWK,2015,4,1359768.5
POLK,2015,5,5217700.1
LINN,2015,5,1930952.6
SCOTT,2015,5,1447557.0
JOHNSON,2015,5,1385245.4
BLACK HAWK,2015,5,1311218.2
POLK,2015,6,6086033.4
LINN,2015,6,2519504.2
SCOTT,2015,6,2004841.4
JOHNSON,2015,6,1519417.6
BLACK HAWK,2015,6,1501930.5
POLK,2015,7,4967599.7
LINN,2015,7,1760607.2
SCOTT,2015,7,1633888.9
BLACK HAWK,2015,7,1260346.8
JOHNSON,2015,7,1190804.5
POLK,2015,8,4918000.6
LINN,2015,8,1958469.5
SCOTT,2015,8,1554980.4
JOHNSON,2015,8,1477834.4
BLACK HAWK,2015,8,1233618.6
POLK,2015,9,5025005.8
LINN,2015,9,2062235.2
JOHNSON,2015,9,1749169.4
SCOTT,2015,9,1653915.9
BLACK HAWK,2015,9,1204950.7
POLK,2015,10,6244630.5
LINN,2015,10,2200889.2
SCOTT,2015,10,1774535.4
BLACK HAWK,2015,10,1657199.8
JOHNSON,2015,10,1551032.8
POLK,2015,11,5179791.6
LINN,2015,11,2332096.6
SCOTT,2015,11,1754695.1
JOHNSON,2015,11,1683594.2
BLACK HAWK,2015,11,1289222.5
POLK,2015,12,6984241.0
LINN,2015,12,2560916.0
SCOTT,2015,12,2210449.4
JOHNSON,2015,12,1768752.3
BLACK HAWK,2015,12,1648584.0
POLK,2016,1,4179845.8
LINN,2016,1,1791816.0
SCOTT,2016,1,1339440.0
BLACK HAWK,2016,1,1108627.2
JOHNSON,2016,1,1101713.2
POLK,2016,2,5185550.1
LINN,2016,2,2122203.5
SCOTT,2016,2,1579681.6
JOHNSON,2016,2,1344607.7
BLACK HAWK,2016,2,1339487.5
POLK,2016,3,5360387.3
LINN,2016,3,1951961.6
SCOTT,2016,3,1687449.6
JOHNSON,2016,3,1442956.8
BLACK HAWK,2016,3,1378435.0
POLK,2016,4,5448366.1
LINN,2016,4,1854509.0
SCOTT,2016,4,1518385.6
JOHNSON,2016,4,1315274.8
BLACK HAWK,2016,4,1273407.5
POLK,2016,5,5674373.5
LINN,2016,5,2194206.2
SCOTT,2016,5,1604255.1
JOHNSON,2016,5,1399243.0
BLACK HAWK,2016,5,1334973.7
POLK,2016,6,5981106.8
LINN,2016,6,2189079.5
SCOTT,2016,6,1947397.3
BLACK HAWK,2016,6,1565803.3
JOHNSON,2016,6,1461113.4
POLK,2016,7,4581162.3
LINN,2016,7,1785299.3
SCOTT,2016,7,1512785.4
BLACK HAWK,2016,7,1073755.2
JOHNSON,2016,7,1065739.3
POLK,2016,8,4740571.8
LINN,2016,8,2052717.0
SCOTT,2016,8,1578594.6
JOHNSON,2016,8,1544020.7
BLACK HAWK,2016,8,1277261.6
POLK,2016,9,5733151.0
LINN,2016,9,1873754.6
JOHNSON,2016,9,1638116.2
SCOTT,2016,9,1638008.6
BLACK HAWK,2016,9,1395303.1
POLK,2016,10,6203427.9
LINN,2016,10,2197288.4
SCOTT,2016,10,2009822.6
JOHNSON,2016,10,1701910.8
BLACK HAWK,2016,10,1537497.0
POLK,2016,11,5191098.9
LINN,2016,11,2398971.8
SCOTT,2016,11,1820002.6
JOHNSON,2016,11,1781016.1
BLACK HAWK,2016,11,1524176.9
POLK,2016,12,7569987.4
LINN,2016,12,2632974.6
SCOTT,2016,12,2413822.2
BLACK HAWK,2016,12,1789059.9
JOHNSON,2016,12,1629643.4
POLK,2017,1,4249705.9
LINN,2017,1,1818928.7
SCOTT,2017,1,1350466.4
JOHNSON,2017,1,1279737.3
BLACK HAWK,2017,1,1172912.1
POLK,2017,2,5004665.7
LINN,2017,2,2063291.1
SCOTT,2017,2,1536915.3
JOHNSON,2017,2,1496273.8
BLACK HAWK,2017,2,1284834.1
POLK,2017,3,5760561.0
LINN,2017,3,2024823.6
SCOTT,2017,3,1881529.5
JOHNSON,2017,3,1416062.3
BLACK HAWK,2017,3,1386596.1
POLK,2017,4,5539788.3
LINN,2017,4,1951171.1
SCOTT,2017,4,1627777.7
JOHNSON,2017,4,1524102.7
BLACK HAWK,2017,4,1222649.4
POLK,2017,5,5955232.0
LINN,2017,5,2461222.6
SCOTT,2017,5,1901805.7
JOHNSON,2017,5,1723658.5
BLACK HAWK,2017,5,1530223.0
POLK,2017,6,6534582.7
LINN,2017,6,2418266.6
SCOTT,2017,6,2109717.3
JOHNSON,2017,6,1491294.2
BLACK HAWK,2017,6,1490447.2
POLK,2017,7,5468089.9
LINN,2017,7,2201327.9
SCOTT,2017,7,1683964.5
BLACK HAWK,2017,7,1400692.7
JOHNSON,2017,7,1368559.9
POLK,2017,8,6360654.8
LINN,2017,8,2467728.8
SCOTT,2017,8,1981405.2
JOHNSON,2017,8,1801951.8
BLACK HAWK,2017,8,1557849.9
POLK,2017,9,5301653.6
LINN,2017,9,1990647.7
JOHNSON,2017,9,1606838.0
SCOTT,2017,9,1584753.8
BLACK HAWK,2017,9,1339866.7
POLK,2017,10,7437331.0
LINN,2017,10,2998435.5
SCOTT,2017,10,2122984.6
JOHNSON,2017,10,1868548.7
BLACK HAWK,2017,10,1758564.7
POLK,2017,11,6014210.8
LINN,2017,11,2509196.3
SCOTT,2017,11,2066943.5
JOHNSON,2017,11,1498745.1
BLACK HAWK,2017,11,1426776.0
POLK,2017,12,6897795.8
LINN,2017,12,2433166.6
JOHNSON,2017,12,2225518.0
SCOTT,2017,12,2161885.1
BLACK HAWK,2017,12,1667412.3
POLK,2018,1,4731550.1
LINN,2018,1,1975657.1
SCOTT,2018,1,1467921.0
JOHNSON,2018,1,1424431.9
BLACK HAWK,2018,1,1380240.8
POLK,2018,2,5411167.3
LINN,2018,2,2144019.8
SCOTT,2018,2,1591715.5
JOHNSON,2018,2,1360145.4
BLACK HAWK,2018,2,1327082.6
POLK,2018,3,6243965.7
LINN,2018,3,2055782.6
SCOTT,2018,3,1820934.0
BLACK HAWK,2018,3,1438878.4
JOHNSON,2018,3,1260581.8
POLK,2018,4,6366356.2
LINN,2018,4,2374637.4
SCOTT,2018,4,1876894.4
JOHNSON,2018,4,1618798.4
BLACK HAWK,2018,4,1542877.6
POLK,2018,5,7009425.8
LINN,2018,5,2778375.0
SCOTT,2018,5,2183707.8
BLACK HAWK,2018,5,1623057.6
JOHNSON,2018,5,1619681.2
POLK,2018,6,6784945.5
LINN,2018,6,2364838.3
SCOTT,2018,6,1988702.4
JOHNSON,2018,6,1673146.1
BLACK HAWK,2018,6,1466451.9
POLK,2018,7,6162014.9
LINN,2018,7,2343011.0
SCOTT,2018,7,1755289.6
JOHNSON,2018,7,1608786.3
BLACK HAWK,2018,7,1424265.4
POLK,2018,8,6746568.0
LINN,2018,8,2524382.1
SCOTT,2018,8,2054845.1
JOHNSON,2018,8,1861828.7
BLACK HAWK,2018,8,1745894.1
POLK,2018,9,5755454.5
LINN,2018,9,2065333.7
JOHNSON,2018,9,1592777.6
SCOTT,2018,9,1559291.2
BLACK HAWK,2018,9,1268298.7
POLK,2018,10,8146495.2
LINN,2018,10,3408985.0
SCOTT,2018,10,3119546.1
JOHNSON,2018,10,1955177.6
BLACK HAWK,2018,10,1881556.0
POLK,2018,11,6842118.8
LINN,2018,11,2613706.6
SCOTT,2018,11,2127003.0
JOHNSON,2018,11,1624452.5
BLACK HAWK,2018,11,1615382.9
POLK,2018,12,8097019.7
SCOTT,2018,12,2703737.0
LINN,2018,12,2676855.4
JOHNSON,2018,12,2451401.8
BLACK HAWK,2018,12,2035719.6
POLK,2019,1,5362881.4
LINN,2019,1,2027098.8
SCOTT,2019,1,1635520.1
JOHNSON,2019,1,1333847.6
BLACK HAWK,2019,1,1219206.8
POLK,2019,2,5700687.1
LINN,2019,2,2111257.6
SCOTT,2019,2,1711338.1
BLACK HAWK,2019,2,1467571.9
JOHNSON,2019,2,1436147.6
POLK,2019,3,6180588.6
LINN,2019,3,2026499.3
SCOTT,2019,3,1809949.2
BLACK HAWK,2019,3,1395264.2
JOHNSON,2019,3,1342237.6
POLK,2019,4,6582171.2
LINN,2019,4,2564649.7
SCOTT,2019,4,2195964.1
JOHNSON,2019,4,1732279.4
BLACK HAWK,2019,4,1578797.0
POLK,2019,5,7632334.7
LINN,2019,5,2727365.8
SCOTT,2019,5,2201864.0
BLACK HAWK,2019,5,1711531.3
JOHNSON,2019,5,1612853.8
POLK,2019,6,6885500.6
LINN,2019,6,2432178.8
SCOTT,2019,6,2248822.9
BLACK HAWK,2019,6,1664197.7
JOHNSON,2019,6,1554810.5
POLK,2019,7,6893440.2
SCOTT,2019,7,2354144.2
LINN,2019,7,2335987.8
BLACK HAWK,2019,7,1710468.0
JOHNSON,2019,7,1615755.6
POLK,2019,8,6890653.1
LINN,2019,8,2792637.1
SCOTT,2019,8,1875097.8
JOHNSON,2019,8,1736069.1
BLACK HAWK,2019,8,1447628.0
POLK,2019,9,7152412.2
LINN,2019,9,2248405.7
SCOTT,2019,9,2039846.9
JOHNSON,2019,9,1671310.7
BLACK HAWK,2019,9,1388647.5
POLK,2019,10,8729930.0
LINN,2019,10,3080600.9
SCOTT,2019,10,2291036.7
JOHNSON,2019,10,2153174.4
BLACK HAWK,2019,10,2086833.8
POLK,2019,11,6645132.8
LINN,2019,11,2670295.8
SCOTT,2019,11,2344585.1
JOHNSON,2019,11,1781575.3
BLACK HAWK,2019,11,1618475.4
POLK,2019,12,8182348.8
LINN,2019,12,2907801.9
SCOTT,2019,12,2367706.4
BLACK HAWK,2019,12,2115310.0
JOHNSON,2019,12,2002028.3
POLK,2020,1,5869281.9
LINN,2020,1,2209161.2
SCOTT,2020,1,1791550.4
JOHNSON,2020,1,1323886.1
BLACK HAWK,2020,1,1187163.2
POLK,2020,2,5989352.4
LINN,2020,2,2264542.0
SCOTT,2020,2,1832761.2
BLACK HAWK,2020,2,1556851.3
JOHNSON,2020,2,1539328.5
POLK,2020,3,7174929.8
LINN,2020,3,2875580.3
SCOTT,2020,3,2403075.1
JOHNSON,2020,3,1821888.5
BLACK HAWK,2020,3,1694258.8
POLK,2020,4,7164816.5
LINN,2020,4,2811080.0
SCOTT,2020,4,2066426.0
JOHNSON,2020,4,1665337.2
BLACK HAWK,2020,4,1615913.9
POLK,2020,5,6622883.1
LINN,2020,5,2774567.8
SCOTT,2020,5,2366582.0
JOHNSON,2020,5,1736573.5
BLACK HAWK,2020,5,1601454.0
POLK,2020,6,7751464.7
LINN,2020,6,3116723.7
SCOTT,2020,6,2893950.7
BLACK HAWK,2020,6,2161078.3
JOHNSON,2020,6,2055500.2
POLK,2020,7,7751146.2
LINN,2020,7,3165928.8
SCOTT,2020,7,2404889.6
JOHNSON,2020,7,1909990.4
BLACK HAWK,2020,7,1737187.1
POLK,2020,8,7620703.7
SCOTT,2020,8,2689609.0
LINN,2020,8,2680355.0
JOHNSON,2020,8,2059130.3
BLACK HAWK,2020,8,1758046.0
POLK,2020,9,8377225.5
SCOTT,2020,9,2740100.7
LINN,2020,9,2696160.6
JOHNSON,2020,9,2354450.1
BLACK HAWK,2020,9,2002849.4
POLK,2020,10,9400733.3
LINN,2020,10,3404829.0
SCOTT,2020,10,2653676.8
JOHNSON,2020,10,2218330.9
BLACK HAWK,2020,10,2004991.3
POLK,2020,11,6730716.2
LINN,2020,11,2768554.6
SCOTT,2020,11,2523252.4
BLACK HAWK,2020,11,1829462.5
JOHNSON,2020,11,1690664.8
POLK,2020,12,8913447.3
LINN,2020,12,3262778.7
SCOTT,2020,12,2996035.6
JOHNSON,2020,12,2368435.1
BLACK HAWK,2020,12,2341321.9
POLK,2021,1,6201048.2
LINN,2021,1,2734952.0
SCOTT,2021,1,2054454.4
BLACK HAWK,2021,1,1560003.6
JOHNSON,2021,1,1442920.4
POLK,2021,2,6612891.6
LINN,2021,2,2468568.3
SCOTT,2021,2,2040991.3
BLACK HAWK,2021,2,1731582.6
JOHNSON,2021,2,1720111.3
POLK,2021,3,8232136.1
LINN,2021,3,3116596.3
SCOTT,2021,3,2977279.1
JOHNSON,2021,3,2372351.8
BLACK HAWK,2021,3,1884167.5
POLK,2021,4,8674633.4
LINN,2021,4,2922071.9
SCOTT,2021,4,2271549.7
BLACK HAWK,2021,4,2034618.2
JOHNSON,2021,4,1876566.4
POLK,2021,5,7644351.7
LINN,2021,5,3030030.1
SCOTT,2021,5,2287399.9
JOHNSON,2021,5,1821408.8
BLACK HAWK,2021,5,1810245.8
POLK,2021,6,8759143.9
LINN,2021,6,3331590.3
SCOTT,2021,6,3078690.1
JOHNSON,2021,6,2416841.4
BLACK HAWK,2021,6,1995299.6
POLK,2021,7,8412206.5
LINN,2021,7,2994283.8
SCOTT,2021,7,2207705.1
BLACK HAWK,2021,7,2030059.9
JOHNSON,2021,7,1802220.2
POLK,2021,8,8456141.8
LINN,2021,8,3081883.7
SCOTT,2021,8,2767550.5
JOHNSON,2021,8,2315461.7
BLACK HAWK,2021,8,1992544.3
POLK,2021,9,8588488.2
LINN,2021,9,2944912.0
SCOTT,2021,9,2480831.5
JOHNSON,2021,9,2145478.4
BLACK HAWK,2021,9,1984140.2
POLK,2021,10,9751644.5
LINN,2021,10,3238086.7
SCOTT,2021,10,2519814.5
JOHNSON,2021,10,2331453.3
BLACK HAWK,2021,10,2000118.3
POLK,2021,11,7902782.4
LINN,2021,11,3296050.0
SCOTT,2021,11,2844734.3
JOHNSON,2021,11,2243387.4
BLACK HAWK,2021,11,2070022.4
POLK,2021,12,9792090.8
LINN,2021,12,3570554.3
SCOTT,2021,12,2836938.9
BLACK HAWK,2021,12,2469555.2
JOHNSON,2021,12,2247344.1
POLK,2022,1,6407857.4
LINN,2022,1,2417883.1
SCOTT,2022,1,1839317.1
JOHNSON,2022,1,1492595.4
BLACK HAWK,2022,1,1375725.9
POLK,2022,2,6856307.3
LINN,2022,2,2466373.3
SCOTT,2022,2,2032669.3
JOHNSON,2022,2,1893497.7
BLACK HAWK,2022,2,1819932.8
POLK,2022,3,7062039.0
LINN,2022,3,2546827.3
SCOTT,2022,3,1857992.8
BLACK HAWK,2022,3,1693095.2
JOHNSON,2022,3,1641244.6
POLK,2022,4,8141936.4
LINN,2022,4,2967275.0
SCOTT,2022,4,2328072.8
JOHNSON,2022,4,1953244.5
BLACK HAWK,2022,4,1842702.3
POLK,2022,5,8372487.1
LINN,2022,5,3191800.9
SCOTT,2022,5,2357322.0
JOHNSON,2022,5,2074933.8
BLACK HAWK,2022,5,1794501.7
POLK,2022,6,8808021.6
LINN,2022,6,3138893.7
SCOTT,2022,6,2507976.0
JOHNSON,2022,6,2156907.7
BLACK HAWK,2022,6,2138033.4
POLK,2022,7,7788612.2
LINN,2022,7,2922813.8
SCOTT,2022,7,1846629.2
JOHNSON,2022,7,1704241.9
BLACK HAWK,2022,7,1648195.7
POLK,2022,8,9527236.6
LINN,2022,8,3360065.2
SCOTT,2022,8,2809914.5
JOHNSON,2022,8,2619968.0
BLACK HAWK,2022,8,1993079.9
POLK,2022,9,8508357.2
LINN,2022,9,3216103.8
JOHNSON,2022,9,2118616.7
BLACK HAWK,2022,9,2093500.3
SCOTT,2022,9,2004678.1
POLK,2022,10,10612080.6
LINN,2022,10,3403287.1
SCOTT,2022,10,2580719.0
JOHNSON,2022,10,2384469.2
BLACK HAWK,2022,10,2053195.0
POLK,2022,11,8330992.6
LINN,2022,11,2924431.8
SCOTT,2022,11,2476798.2
JOHNSON,2022,11,2348843.6
BLACK HAWK,2022,11,1814653.7
POLK,2022,12,10214669.1
LINN,2022,12,3483688.1
SCOTT,2022,12,2641884.5
JOHNSON,2022,12,2363929.4
BLACK HAWK,2022,12,2217542.6
POLK,2023,1,7433420.6
LINN,2023,1,2836792.8
SCOTT,2023,1,2086230.1
JOHNSON,2023,1,2007411.8
BLACK HAWK,2023,1,1700001.7
POLK,2023,2,7705741.9
LINN,2023,2,2727406.5
SCOTT,2023,2,2057330.2
JOHNSON,2023,2,1874273.4
BLACK HAWK,2023,2,1749658.8
POLK,2023,3,8628024.6
LINN,2023,3,3114800.2
SCOTT,2023,3,2114226.1
BLACK HAWK,2023,3,1966687.6
JOHNSON,2023,3,1838413.6
POLK,2023,4,7975021.1
LINN,2023,4,2949629.0
JOHNSON,2023,4,2103715.8
SCOTT,2023,4,2026993.2
BLACK HAWK,2023,4,1693825.3
POLK,2023,5,9238772.4
LINN,2023,5,3444515.9
SCOTT,2023,5,2654474.4
JOHNSON,2023,5,2266076.0
BLACK HAWK,2023,5,1947450.0
POLK,2023,6,9464740.7
LINN,2023,6,3483367.6
SCOTT,2023,6,2465485.6
JOHNSON,2023,6,2216989.0
BLACK HAWK,2023,6,2096856.4
POLK,2023,7,8739082.6
LINN,2023,7,2919232.8
SCOTT,2023,7,2145721.4
JOHNSON,2023,7,2067927.8
BLACK HAWK,2023,7,1640534.7
POLK,2023,8,9176091.9
LINN,2023,8,3459891.7
SCOTT,2023,8,2675485.7
JOHNSON,2023,8,2332808.0
BLACK HAWK,2023,8,2050744.5
POLK,2023,9,8306164.9
LINN,2023,9,2839245.8
SCOTT,2023,9,2032493.8
JOHNSON,2023,9,1877792.5
BLACK HAWK,2023,9,1674133.9
POLK,2023,10,10341791.4
LINN,2023,10,3291639.0
SCOTT,2023,10,2631586.7
JOHNSON,2023,10,2513206.8
BLACK HAWK,2023,10,2045572.4
POLK,2023,11,9181883.3
LINN,2023,11,3052608.0
SCOTT,2023,11,2516032.0
JOHNSON,2023,11,2212459.0
BLACK HAWK,2023,11,1986086.1
POLK,2023,12,9381369.1
LINN,2023,12,3458240.5
SCOTT,2023,12,2705987.1
JOHNSON,2023,12,2246352.9
BLACK HAWK,2023,12,2059999.0
POLK,2024,1,7386529.6
LINN,2024,1,2874072.0
SCOTT,2024,1,2294808.8
JOHNSON,2024,1,2051325.3
BLACK HAWK,2024,1,1620400.4
POLK,2024,2,8229984.3
LINN,2024,2,2994981.8
BLACK HAWK,2024,2,2075073.6
SCOTT,2024,2,2009580.4
JOHNSON,2024,2,1920202.9
POLK,2024,3,7935137.8
LINN,2024,3,2883254.2
SCOTT,2024,3,2100365.8
BLACK HAWK,2024,3,1830836.4
JOHNSON,2024,3,1628886.0
POLK,2024,4,8577825.5
LINN,2024,4,2982071.4
SCOTT,2024,4,2719380.4
JOHNSON,2024,4,2349635.4
BLACK HAWK,2024,4,1812810.0
POLK,2024,5,9007519.5
LINN,2024,5,3408166.4
SCOTT,2024,5,2313486.4
JOHNSON,2024,5,2090244.4
BLACK HAWK,2024,5,2083391.4
POLK,2024,6,8846749.4
LINN,2024,6,2944147.4
SCOTT,2024,6,2332037.2
JOHNSON,2024,6,1892358.0
BLACK HAWK,2024,6,1768241.2
POLK,2024,7,8118230.8
LINN,2024,7,3197997.9
SCOTT,2024,7,2504461.9
JOHNSON,2024,7,2166920.6
BLACK HAWK,2024,7,1737874.5
POLK,2024,8,8472632.4
LINN,2024,8,3058715.9
SCOTT,2024,8,2158889.3
JOHNSON,2024,8,2019573.2
BLACK HAWK,2024,8,1918828.5
POLK,2024,9,8150060.4
LINN,2024,9,2812178.2
SCOTT,2024,9,2238901.3
JOHNSON,2024,9,2068245.2
BLACK HAWK,2024,9,1682757.1
POLK,2024,10,10623243.3
LINN,2024,10,3547381.8
SCOTT,2024,10,2655155.8
JOHNSON,2024,10,2388542.4
BLACK HAWK,2024,10,2288609.5
POLK,2024,11,8510666.8
LINN,2024,11,3329044.4
SCOTT,2024,11,2440318.6
JOHNSON,2024,11,2131693.8
BLACK HAWK,2024,11,1809598.4
POLK,2024,12,9363697.2
LINN,2024,12,3507952.7
SCOTT,2024,12,2765196.5
JOHNSON,2024,12,2333968.5
BLACK HAWK,2024,12,2137823.2
POLK,2025,1,7269994.6
LINN,2025,1,2658756.4
SCOTT,2025,1,1843882.7
JOHNSON,2025,1,1630923.6
BLACK HAWK,2025,1,1583775.3
POLK,2025,2,7163974.0
LINN,2025,2,2709245.5
SCOTT,2025,2,1865446.8
JOHNSON,2025,2,1764495.3
BLACK HAWK,2025,2,1538143.3
POLK,2025,3,8087167.2
LINN,2025,3,2729646.6
SCOTT,2025,3,2365378.6
JOHNSON,2025,3,1993989.3
BLACK HAWK,2025,3,1567328.7
POLK,2025,4,8082824.3
LINN,2025,4,3194477.2
SCOTT,2025,4,2322293.7
JOHNSON,2025,4,2013855.4
BLACK HAWK,2025,4,1673199.3
POLK,2025,5,8082601.1
LINN,2025,5,3107093.4
SCOTT,2025,5,2159729.3
BLACK HAWK,2025,5,1835438.0
JOHNSON,2025,5,1811398.6
POLK,2025,6,8258650.2
LINN,2025,6,3017602.8
SCOTT,2025,6,2623582.0
JOHNSON,2025,6,1980280.8
BLACK HAWK,2025,6,1730658.3
POLK,2025,7,8277519.7
LINN,2025,7,3070926.4
SCOTT,2025,7,2230298.8
JOHNSON,2025,7,1877589.7
BLACK HAWK,2025,7,1765702.9
POLK,2025,8,7570768.8
LINN,2025,8,2859940.9
JOHNSON,2025,8,2077037.7
SCOTT,2025,8,2062328.6
BLACK HAWK,2025,8,1514353.3
POLK,2025,9,7828874.1
LINN,2025,9,3047532.5
SCOTT,2025,9,2477259.7
JOHNSON,2025,9,2111226.4
BLACK HAWK,2025,9,1609548.6